Name,Email,Age,Country,JoinDate,ActiveUser
Kyle Brown,johnwhite@hotmail.com,48,Kyrgyz Republic,2025-03-05,False
Anthony Moody,robertthomas@hotmail.com,26,Bangladesh,2020-09-29,False
Christopher Morris,louisgraves@wright.com,36,Canada,2021-09-19,False
Tina Gutierrez,ulee@hotmail.com,50,Niue,2023-07-08,True
Kenneth Valdez,raymond58@ruiz.org,40,Nauru,2024-11-04,False
Corey Lane,myerscharles@yahoo.com,41,Spain,2024-02-29,False
Ethan Santiago,davidsmith@thompson-nixon.com,43,Guernsey,2022-10-01,True
Hannah Rodriguez,lsmith@gmail.com,26,Holy See (Vatican City State),2022-05-26,True
Reginald Cox,michaelpollard@buck.org,59,Burkina Faso,2022-01-20,False
Julie Marquez,evansjoseph@yahoo.com,21,Saint Helena,2024-04-06,False
Robert Schmidt,dawn67@gmail.com,34,El Salvador,2024-07-05,True
James Lewis,mcline@gmail.com,25,Holy See (Vatican City State),2023-06-15,False
Peter Ross,phillipzimmerman@washington.com,22,Thailand,2020-11-05,True
Christopher Johnson,uhowell@yahoo.com,55,Myanmar,2023-01-10,False
Tara Wheeler,melanie08@yahoo.com,36,Timor-Leste,2023-07-20,False
Courtney Rice,patricktaylor@bennett-dixon.com,40,Afghanistan,2024-01-06,True
Jeremy David,paulagreen@hotmail.com,18,Slovakia (Slovak Republic),2023-07-18,False
Edward Smith,angelapierce@russell.info,49,Macao,2023-12-24,True
Robert Freeman,thompsonmadison@gmail.com,50,Belize,2024-04-08,False
Stuart Anderson,jason82@riddle.com,23,Poland,2025-06-15,False
Melissa Harris,olivermichael@alexander.biz,53,Solomon Islands,2023-02-02,False
Heather Elliott,brian44@rollins-miranda.info,38,Georgia,2024-06-25,False
Cheryl Wallace,heidi24@rojas.org,52,Falkland Islands (Malvinas),2023-09-08,False
Samantha Daniels,fhernandez@hotmail.com,39,Vietnam,2020-11-22,True
Michelle Henderson,rhondaross@hotmail.com,36,Bermuda,2023-11-27,False
Amber Hansen,jacksonglenn@haas.com,18,Seychelles,2021-08-15,True
Samuel Mcneil,webercody@jones.com,40,Cape Verde,2022-03-09,True
Morgan Franco,douglassweeney@sanchez.com,55,Guatemala,2022-01-23,False
Juan Gilbert,kimberlywilson@hayes.info,56,Albania,2023-05-28,True
Luis Diaz,ronaldcarr@hotmail.com,38,Venezuela,2021-12-20,True
Pam Sullivan,sylvia12@miller.com,60,Zambia,2024-05-03,True
Paul Sellers,edwin38@gmail.com,59,Slovakia (Slovak Republic),2022-11-21,False
Timothy Schneider,maryrussell@gmail.com,34,Mali,2024-07-08,False
Mrs. Teresa Reynolds,ipacheco@griffith.info,65,Finland,2023-11-11,True
Michael Roth,moorecassandra@hotmail.com,39,Azerbaijan,2024-08-24,False
Dr. David Rivera,williamsallison@anderson.biz,31,Uganda,2024-01-30,False
Mary Williams,benjamin68@harmon.net,57,Puerto Rico,2021-12-16,False
Phyllis Browning,kevinromero@hotmail.com,24,New Zealand,2021-10-17,False
Kristi Anderson,crawfordstephen@yahoo.com,32,Benin,2025-01-31,True
Holly Brooks,zperez@yahoo.com,45,Turkey,2023-11-15,False
John Robertson,courtneyhamilton@hicks.com,42,Taiwan,2024-05-22,True
Alyssa Crosby,henrydavid@gmail.com,47,Puerto Rico,2022-05-20,False
Steve Lozano,francisnancy@johnson.com,25,Tuvalu,2022-02-20,False
Danny Martin,adamsamy@perkins.com,56,Bhutan,2023-12-19,True
Nicolas Wilson,candice49@hotmail.com,31,Saint Vincent and the Grenadines,2025-01-31,True
Mr. Thomas Holt,deborahreynolds@yahoo.com,18,Turkmenistan,2022-03-17,True
Sarah Roth,smora@gmail.com,32,Belgium,2023-08-25,True
Sara Combs,jennifer65@smith.com,23,Trinidad and Tobago,2020-07-21,False
Greg Andrews II,aaronstephens@hotmail.com,32,Cuba,2023-10-26,True
Heather Mathis,paigethomas@key.info,37,Chad,2023-02-15,True
Jordan Lawson,nixonkathleen@gmail.com,19,Bolivia,2023-04-25,True
Rachael Bradley,wmcgee@arellano.net,28,Iran,2021-12-29,True
James Jensen,cassandra71@yahoo.com,39,Taiwan,2022-10-15,False
Adam Holmes,melissa15@harris-chambers.com,28,United Kingdom,2023-08-31,False
Regina Castillo,gravesjustin@yahoo.com,47,Bangladesh,2020-10-26,True
Kristie Thomas,jordanrobert@hotmail.com,63,Argentina,2025-02-08,False
Stephen Patterson,josephwalker@gmail.com,43,Bangladesh,2025-07-06,True
Jeffrey Kelley,mooremelissa@smith.com,41,Guinea,2021-10-04,False
Lori Chung,jessica56@gmail.com,52,Austria,2021-02-01,True
Christina Williams,christine21@robinson.info,57,Panama,2022-07-21,True
Michelle Rosario,jessica30@gmail.com,52,Spain,2021-07-26,False
Katelyn Ferguson,dorisdunn@cherry.com,39,Bahrain,2021-08-15,False
Victor Williamson,stevensmichael@gmail.com,63,United States Minor Outlying Islands,2024-07-31,False
Dr. Jessica Wells,dgreene@brooks.com,46,Christmas Island,2023-11-12,True
Melody Higgins,brendancarpenter@gmail.com,18,Botswana,2020-10-18,True
Joshua Barajas,patrick55@gmail.com,43,Bangladesh,2023-12-13,True
Andrew Clark,debra35@miller-cummings.com,59,Qatar,2024-02-13,False
David Taylor,wfrank@hudson.com,63,Colombia,2025-04-11,True
Allison Morrow,xclark@gmail.com,61,British Indian Ocean Territory (Chagos Archipelago),2024-07-22,True
Benjamin York,julia87@braun-olson.org,56,Lebanon,2022-12-16,False
Mr. James Green DVM,brittany69@yahoo.com,23,Sweden,2022-10-02,True
Brian Randolph,iwiggins@yahoo.com,37,Svalbard & Jan Mayen Islands,2023-11-04,False
Michael Smith,robertmayer@hotmail.com,65,Somalia,2024-02-04,False
Tanya Brown,gwilliams@hayes.com,37,Djibouti,2024-06-04,False
Manuel Daniel,wgreene@valencia-fleming.info,35,Cocos (Keeling) Islands,2024-10-01,True
Cynthia Leonard,thomas62@munoz.info,19,Korea,2025-03-19,True
James Schneider,maria43@stone.org,18,Cote d'Ivoire,2020-10-04,False
Stacey Campbell,wpeterson@yahoo.com,40,Myanmar,2021-09-07,True
Matthew Taylor,collinsjonathon@warren.biz,59,Kenya,2025-06-29,True
Jennifer Smith,amandastevenson@hotmail.com,59,Dominica,2024-08-26,False
Tristan Gibson,karen63@chen-baker.com,57,Colombia,2024-04-03,False
John Hughes,qbennett@gmail.com,57,Niger,2022-10-28,False
Kaitlyn James,nmooney@hotmail.com,35,Martinique,2021-02-21,True
Richard Morrison,linda02@walter.com,64,Singapore,2023-05-12,True
Kelli Lewis,grantalexander@hubbard.com,44,Belgium,2024-10-19,True
Kevin Huffman,hoodwendy@thompson.org,35,Norfolk Island,2023-12-07,True
Heather Kemp,jill80@hotmail.com,43,Svalbard & Jan Mayen Islands,2021-11-21,False
David Miller,jean43@yahoo.com,35,Rwanda,2021-08-03,True
Kenneth Hahn,michaelbrooks@hotmail.com,54,American Samoa,2022-05-29,False
Monica Chavez,samantha81@gmail.com,48,Sudan,2024-03-13,False
Francis Johnson,uhampton@gmail.com,45,Macedonia,2022-02-11,True
William Miller,jjohnson@yahoo.com,29,Portugal,2022-07-26,True
Peter Carlson,summerconley@hotmail.com,55,Kyrgyz Republic,2021-12-25,True
Paul Ferguson,kkelly@gmail.com,36,Bermuda,2022-11-24,True
Martha Bush MD,daviskaren@yahoo.com,36,United States Virgin Islands,2024-06-04,True
Leslie Owens,watsonalexandria@gmail.com,52,Taiwan,2023-11-05,True
Kimberly Charles,fwatkins@hotmail.com,49,Latvia,2024-10-28,True
Shane Wilson,xbarr@gmail.com,34,Sweden,2025-01-19,False
Patricia Mccoy,barkerroberta@gmail.com,54,Korea,2022-05-22,False
Ryan Jackson,richard84@collins-armstrong.com,31,Zambia,2020-09-07,True
